,date,tweet,nlikes,label,prob_neg,prob_pos,state_code
2375,2020-11-27 15:52:26,would care engage discussion amp offer counterpoint nuclear energy potentially remain alternative fossil fuel green policy amp think ruled compliment conventional renewables,0.0,2,0.15717511,0.8428249,West Midlands
2376,2020-11-27 15:52:11,make compelling case use nuclear energy economy understand proponent ensuring option removed table face threat climate change,0.0,0,0.976592,0.023408,West Midlands
2377,2020-11-25 15:01:10,deeply moving forensically accurate piece every paragraph ha nuclear energy it‚Äôs orwell solzhenitsyn piece classical political cultural analysis,25.0,2,0.11195318,0.88804686,West Midlands
2378,2020-11-24 17:31:57,enjoyed reading latest article reminded growing punjabi household often forget socioeconomic challenge many people faced time httpstcordtjzd nuclearenergy climateaction,1.0,2,0.16991667,0.8300833,West Midlands
2379,2020-11-23 09:58:24,like green theyre cringe come nuclear energy,0.0,1,0.54799604,0.45200402,West Midlands
2380,2020-09-07 07:02:25,still utopian energy source talk wa entitled energy st century nuclear energy consultancy meant fission fusion argued decommissioning fossil asset wa possible new fleet awe built wasis wrong,0.0,0,0.89688265,0.10311738,West Midlands
2381,2020-08-04 22:09:02,nfl draft i‚Äôm get fascinating day rd get john ‚Äòring fire‚Äô cash de rd guy pic went director congressional affair agency licensed commercial use nuclear energywho httpstcokcvglhw,1.0,2,0.032015346,0.9679846,West Midlands
2382,2019-11-08 13:48:55,raising steam link chemistry electricity production presenting role renewables hydrogen battery fuel cell nuclear energy cleaner future linked dynamo exhibit httpstcoxenwbdsy,1.0,0,0.9877978,0.012202159,West Midlands
2383,2019-06-29 17:56:56,great welcoming open day visitor enthusiastic volunteer energy demonstration parent included encouraging receive excellent feedback many question nuclear energy environment httpstcomtoncvis,8.0,0,0.577083,0.422917,West Midlands
2384,2014-10-22 19:50:54,windpower v nuclearenergy fossilfuel debate cant believe people would rather live reactor windturbine really,0.0,0,0.9726968,0.027303183,West Midlands
2385,2014-09-15 17:41:27,datatecnics nuclear energy safe system limited new company sellyoak birmingham england uk httptcontcdiqrqhr director,0.0,2,0.022742214,0.9772578,West Midlands
2386,2014-09-13 15:16:20,knowledge largely revolves around nuclear energy yknow cause thats first thing need know french,0.0,1,0.50748163,0.49251837,West Midlands
2387,2013-10-21 08:44:45,edf getting bed chinese money hope work ok nuclear energy ha long halflife,0.0,0,0.9835217,0.016478306,West Midlands
2388,2011-05-10 10:50:50,rt japan prime minister say plan increase share power nuclear energy percent scrapped ap,0.0,0,0.9868089,0.013191103,West Midlands
4658,2020-11-26 05:23:53,interesting article role nuclearenergy uk goal decarbonise work towards netzero nuclear energy certainly divide opinion netzerobritain tough challenge greenindustrialrevolution coming moment soon,1.0,2,0.43776956,0.56223047,East Midlands
4659,2020-08-15 15:15:18,solution nuclear energy least hansen gut say,1.0,0,0.9878444,0.012155526,East Midlands
4660,2020-08-12 22:05:12,boy like handover applause üëè brie knew musically worst nuclear energy ‚ö° correctcorrectgang üëâ ccg ramsyyoung‚Ä¶ httpstcodaybzazzvx,0.0,0,0.9857226,0.014277397,East Midlands
4661,2020-07-30 19:46:50,forget climate denier nonsense ken rice agree nuclear energy best bet future,0.0,2,0.046355374,0.95364463,East Midlands
4662,2020-07-30 19:40:08,nuclear energy ha far lowest environmental impact energy source even including chernobyl fukishima,14.0,2,0.002277181,0.9977228,East Midlands
4663,2019-09-26 12:15:16,bit scared nuclear energy quite like good old wind turbine,0.0,0,0.93488884,0.065111205,East Midlands
4664,2019-07-08 15:54:59,doe government support fossil amp nuclear energy renewables storage starting cheaper safer resilient,0.0,2,0.08047119,0.91952884,East Midlands
4665,2019-06-03 17:09:12,dont want green industrial revolution climate emergency tackle stop using fossil fuel nuclear energy way forward,0.0,2,0.18237992,0.8176201,East Midlands
4666,2017-05-02 07:16:53,one pm setting nuclear energy governance scrutiny system going cost huge httpstcobeeaqsfem,0.0,0,0.97685355,0.023146411,East Midlands
4667,2014-05-04 17:43:34,killed religion nuclear energy release ban relgion,0.0,0,0.9749501,0.025049869,East Midlands
4668,2014-01-31 10:42:13,nuclear energy totally safe keep saying,0.0,0,0.97069925,0.029300727,East Midlands
6517,2019-11-28 20:23:49,left ha really irrational almost xenophobic reaction nuclear energy brief modern reactor safe leave waste due innovation fast reactor nuclear need part transition renewables climatenaturedebate ge,0.0,0,0.9631684,0.036831684,North East
6518,2019-05-30 15:11:27,iea ring alarm bell phasing nuclear energy httpstcodxwc,0.0,2,0.064119235,0.9358807,North East
6519,2019-04-04 08:09:03,indian point shutdown natural gas filled nuclear energy gap httpstcomjncdgntd,0.0,0,0.9151605,0.08483957,North East
6520,2019-03-11 16:03:35,absolutely correct call nuclearenergy absolutely wrong snp denounce highland council slammed call withdraw rejection nuclear power httpstcoginkzqjfl,1.0,2,0.0073266122,0.99267334,North East
6521,2012-06-19 06:58:10,teaching alevel class nuclear energy german later rock,0.0,0,0.86285454,0.13714546,North East
10360,2020-11-30 13:58:00,nuclear energy challenge uk overcome httpstcofopkvlx greenenergy netzero httpstcozcrhqdq,0.0,0,0.94083744,0.05916262,North West
10361,2020-11-28 12:30:21,apply civilstructural engineer httpstcoeyusgvxz reference tm contract central scotland salary dependant experience nuclear engineering nuclearenergy power renewables sustainability cleanenergy,0.0,0,0.7159323,0.2840677,North West
10362,2020-11-27 14:23:26,apply safety case engineer httpstcogpjwucu reference pc contract yorkshire humberside salary dependant experience nuclear engineering nuclearenergy power renewables sustainability cleanenergy jobsearch,0.0,0,0.9569931,0.043006904,North West
10363,2020-11-26 10:03:27,apply decommissioning engineer httpstcoblczrvhfbi reference km permanent north west salary dependant experience nuclear engineering nuclearenergy power renewables sustainability cleanenergy jobsearch httpstcozalrpuyt,0.0,1,0.4959826,0.5040174,North West
10364,2020-11-25 12:55:04,apply hazard study engineer httpstcoraxmida reference pc permanent south west salary dependant experience nuclear engineering nuclearenergy power renewables sustainability cleanenergy,0.0,2,0.39628947,0.6037105,North West
10365,2020-11-25 08:01:07,apply piping calculation engineer httpstcoxbcmtqet reference lw permanent south west salary dependant experience nuclear engineering nuclearenergy power renewables sustainability cleanenergy,0.0,0,0.66210884,0.33789113,North West
10366,2020-11-21 19:43:45,well course science responsible every technological advancement good bad nuclear energy nuclear weapon science,0.0,0,0.8838353,0.116164714,North West
10367,2020-11-04 06:56:19,we‚Äôve got enough deal pretty grim need energy mix better suited climate landscape solar wind don‚Äôt cut miserable autumn day like nuclearenergy provides u cleanenergy base load need,0.0,1,0.51153845,0.48846155,North West
10368,2020-10-31 07:17:04,current nuclear energy also clean energy it‚Äôs acknowledged article video headline little misleading,0.0,2,0.14800364,0.85199636,North West
10369,2020-10-29 11:19:00,case nuclear energy viewed negatively main australian public party mention unless therefore whoever get try buy replicate smr technology available,0.0,2,0.33152777,0.66847223,North West
10370,2020-08-04 13:47:36,advantage disadvantage nuclearfission form nuclearenergy httpstcogkdigst,2.0,2,0.2788745,0.72112554,North West
10371,2020-03-29 20:47:36,member government kow tow china funding project like h nuclear energy plant,2.0,2,0.28346023,0.71653974,North West
10372,2020-02-22 15:41:54,she‚Äôs beautiful amazing extremely talented woman that‚Äôs pointwoman running would love planet try help back e rid u nuclear energy start reinvent world kid need chance life üëçüôèüôè,1.0,2,0.044409353,0.95559067,North West
10373,2020-02-08 21:30:22,also need include nuclear energy mix cleanenergy,1.0,2,0.0033385963,0.9966614,North West
10374,2020-01-10 17:40:14,decarbonisation awareness nuclear energy‚Äôs role reducing carbon emission carbon free energy time educate,4.0,0,0.7424677,0.25753224,North West
10375,2020-01-06 18:22:41,i‚Äôd add nuclear energy carbon free delivers base load energy grid,0.0,0,0.9795089,0.020491118,North West
10376,2019-11-23 16:56:07,i‚Äôd add increasing investment nuclear energy production crucial delivering base level electric zero emission energy production,0.0,0,0.97588456,0.024115492,North West
10377,2019-11-04 19:29:30,mix energy source important reliance one source foolhardy nuclear ha demonised ha ability provide real solution towards decarbonisation people think nuclear energy nuclear bomb correct,0.0,0,0.69701385,0.30298612,North West
10378,2019-11-04 18:02:29,country looking roll nuclear energy help climate change producing zero carbon energy help towards electricfcation transport clean air httpstcoyueendxceh,0.0,0,0.64767194,0.35232803,North West
10379,2019-11-03 11:54:20,‚Äúcost nation decade effort expended environmentally friendly energy projects‚Äù i‚Äôll agree investing geothermal solar wind tidal nuclear energy research development technology,6.0,2,0.017723734,0.98227626,North West
10380,2019-09-20 11:52:45,problem nuclear energy current political climate many left oppose nuclear energy many right oppose state owned utility idea cost effective state owned nuclear power station never considered,2.0,2,0.25978985,0.7402102,North West
10381,2019-09-20 11:31:53,bit weird campaign low carbon power day climatestrike campaign nuclear disarmament nuclear energy anyway abolishing mass murdering nuke protest peaceful civilian use replace fossil fuel,3.0,0,0.98142564,0.018574342,North West
10382,2019-05-30 11:31:04,show teaching lesson physic teacher former worker energy industry personally favour nuclear energy much cleaner better environment safety precaution strictly adhered waste disposed safely,1.0,2,0.16635437,0.8336457,North West
10383,2014-07-21 13:06:07,uk nuclear energy industry expert discus latest tech advancement insidermadeintheuk ifb httptcoatirmwrso,3.0,2,0.22787793,0.77212214,North West
10384,2014-07-21 11:38:53,next conference nuclear energy insidermadeintheuk httptcodcmxaipo,0.0,2,0.35119048,0.6488095,North West
10385,2014-06-12 10:25:03,opening speech sound good sme sector sellafield nuclear nuclearenergy energus,0.0,0,0.9814886,0.01851146,North West
10386,2014-06-12 09:28:25,sellafield ltd supplier forum sellafield energus nuclear nuclearenergy httptcoplrbqtzaoe,1.0,2,0.038775295,0.9612247,North West
10387,2013-10-27 12:00:34,bbcsp caroiline flint say stick pay well pay neglect say year investment nuclear energy past failure,0.0,2,0.0047719874,0.99522805,North West
13885,2020-11-26 07:42:42,tree planting really great news beautiful varied environment need nuclear energy decarbonise need lithium mining offset carbon saving wind power,0.0,0,0.7594827,0.24051727,Yorkshire
13886,2020-11-24 15:00:11,sludge centre expertise yes real research body crucial work processing nuclear waster collab find httpstcogmkzyxxc nuclear nuclearenergy energy sellafield researchhighlight,0.0,0,0.69319576,0.30680427,Yorkshire
13887,2020-10-27 21:45:52,nuclear energy far safe cheap fukushima however safe nuclear reactor possible research thorium reactor,0.0,0,0.6656967,0.33430335,Yorkshire
13888,2019-12-01 11:13:01,wouldnt necessary green group hadnt pushed germany away nuclear energy üòê,171.0,0,0.9890176,0.010982351,Yorkshire
13889,2019-11-06 18:08:45,government cant like ostrich anymore old fossil fuel phased industry transition clean power nuclear energy power station hinkley point phase httpstcosvfgtgpnp,1.0,2,0.2454199,0.7545801,Yorkshire
13890,2019-09-14 21:28:22,absolutely typical example hypocrisy stupidity certain element green activism vietnam ha swapped emissionsfree nuclear energy coal instead üè≠‚ö†Ô∏è,59.0,2,0.13445608,0.8655439,Yorkshire
13892,2019-04-23 16:00:40,look deadbeat make extinctionrebellionthey sort unwashed lefty marched nuclear energy supported miner it‚Äôs nothing climatechange left wing politics,0.0,0,0.9473693,0.052630734,Yorkshire
13895,2014-10-24 23:09:42,thanks nuclear energy work,0.0,0,0.722636,0.27736402,Yorkshire
13896,2013-06-08 23:42:05,political support needed nuclear energy detail envtl damage caused closing san onofre ca httptcozzuanwbed,0.0,0,0.9715798,0.028420236,Yorkshire
13897,2013-05-07 15:22:15,opinion think wa nuclear energy isnt everyone struggle noticed,0.0,0,0.8898382,0.11016183,Yorkshire
13898,2013-05-07 15:18:36,wa alright think hope stimulus card got nuclear energy racism went nuclear energy xxx,0.0,0,0.9335817,0.06641828,Yorkshire
13899,2011-02-17 10:12:35,passcomm doncaster racecourse learn nuclear energy,0.0,2,0.07984362,0.9201564,Yorkshire
33160,2020-11-25 08:40:05,commercializing nextgeneration nuclear energy technology httpstcoxxnnyvsel httpstcoqrcumywto,0.0,0,0.98181593,0.018184057,Scotland
33161,2020-11-23 15:01:36,part mr johnson call green industrial revolution tackle climate change create job industry nuclear energy httpstcotowmpsvm,0.0,2,0.09681826,0.9031818,Scotland
33162,2020-11-18 07:15:12,news morning cronyism pandemic spread trump sacking man telling truth oh wait boris ha green plan relies nuclear energy forget rest cummings gone boris green rejoice,0.0,2,0.12031204,0.879688,Scotland
33163,2020-10-31 23:11:20,nuclear energy necessary,5.0,0,0.9786997,0.02130038,Scotland
33164,2020-06-16 23:10:06,french already nuclear energy chinese steelwhy doesn‚Äôt uk start running it‚Äôs affair,9.0,2,0.014127269,0.98587275,Scotland
33165,2020-06-10 09:59:24,doesn‚Äôt say france probably plan synthesise carbonneutral jet fuel using nuclear energy rollsroyce plan retired nuclear site uk begs devil‚Äôs dilemma question ‚Äòcritical‚Äô nuclear co httpstcorrpjwgqat,6.0,0,0.96380764,0.036192343,Scotland
33166,2020-06-05 14:07:25,doe make sense since helped shaping right thanks veto capability vote eu parliament agree money laundering policy nuclear energy safety,0.0,2,0.07748319,0.9225168,Scotland
33167,2020-05-01 23:31:59,nuclear energy clean think need take step back review reality trying sneak one least cost effective long term potentially dangerous industry ever known man guise eco friendly pushing,0.0,0,0.81318766,0.18681236,Scotland
33168,2019-12-06 17:11:39,also waste associated renewable energy volume waste much larger waste stream associated nuclear power reason nuclear energy ha high energy density httpstconhofavtsdb,0.0,0,0.9402063,0.059793755,Scotland
33169,2019-08-23 15:38:46,importance nuclear energy stressed international organisation time action climateemergency energysecurity let‚Äôs get,1.0,0,0.8975161,0.10248389,Scotland
33170,2019-08-21 19:42:03,oohgoing twitter spat i‚Äôd love buy ev feel smug like many others still can‚Äôt resolve fact ev use electricity generated mainly oil gas coal amp nuclear energyso it‚Äôs kinda hypocritical isn‚Äôt ü§î,0.0,0,0.9817988,0.018201176,Scotland
33171,2019-06-05 14:05:43,it‚Äôs also won‚Äôt invest developing thorium nuclear energy clean amp safe alternative uraniumthorium doesn‚Äôt produce weaponsgrade plutonium byproduct way uranium doe üò°,0.0,2,0.0104568815,0.9895431,Scotland
33172,2019-06-05 11:59:11,name bbc news nuclear energy bill used subsidise submarine httpstcowpuqlnmoq,0.0,0,0.8047344,0.19526562,Scotland
33173,2019-06-05 08:46:00,rather obvious news nuclear energy bill used subsidise military trident submarine people really know wa happening equally naval staff get trained sub leave work private civilian sector money httpstcoiwfwnzlgq,1.0,0,0.9839336,0.016066303,Scotland
33174,2019-05-25 17:58:45,ive read lomborg advocate nuclear energy doe make shill,0.0,2,0.0632447,0.9367553,Scotland
33175,2019-04-08 16:03:17,anything may decide mass migration caused thatd racist economics cause economist nuclear energy aint nuclear physicist either vaccine dare suggest may sometimes unsafe,0.0,0,0.9315154,0.068484634,Scotland
33176,2019-04-03 14:49:13,wa delight sweden year back deciding future nuclear energy ‚Äúyes‚Äù ‚Äúno‚Äù booth set town informed level discussion low standard one need look uk,0.0,0,0.70729584,0.29270416,Scotland
33177,2015-04-21 19:58:55,fundamentally opposed nuclear energy brendan ohara dunoonhustings,0.0,0,0.97635376,0.023646183,Scotland
33178,2015-03-24 09:14:33,im surprised modern country burning coal though imagined itd pretty much nuclear energy,0.0,0,0.969258,0.030742012,Scotland
33179,2015-02-20 12:28:02,murdo fraser argues lib dem coalition ha held tory back pursuing cheap nuclear energy scc,0.0,0,0.9291535,0.07084653,Scotland
33180,2015-02-06 13:51:20,fracked energy cheap nuclear energy cheap wind energy expensive snp back wind ban others ideology v reality,0.0,2,0.07939202,0.9206079,Scotland
33181,2014-04-02 21:50:06,germany tried buy nuclear energy france would suffered blackout,0.0,2,0.04069295,0.9593071,Scotland
33182,2013-10-21 10:39:00,two new ¬£billion nuclear reactor builtso certain going cost ¬£billion edf nuclear energy,0.0,0,0.9736805,0.026319452,Scotland
33183,2012-09-30 18:49:16,yes nuclear energy answer,0.0,2,0.15051834,0.8494817,Scotland
33184,2012-05-25 13:36:44,alex salmond mongo scotland need nuclear energy rulebritannia,0.0,2,0.11918072,0.88081926,Scotland
33185,2012-05-22 17:06:13,rt ‚Äúthere going public subsidy new nuclear‚Äù energy secretary ed davey energybill,0.0,2,0.003920041,0.99608,Scotland
33186,2011-09-14 21:38:58,nuclear energy thought,0.0,0,0.97632897,0.023670983,Scotland
35318,2020-11-24 16:36:01,green energy blindly support without thinking repercussion mad never even stated wa nuclear energy however admit cheaper nuclear energy especially fusion researched,0.0,0,0.9958748,0.004125175,Wales
35319,2020-09-27 15:37:49,inevitably forsake hydrocarbon way maintain reliable base load via nuclear green ambivalent fact winter often top supply nuclear energy france inconvenient true,0.0,2,0.056098267,0.9439018,Wales
35320,2020-08-27 13:01:20,secretary state energy climate change oversaw unwinding fit regime supported renewable energy negotiated contract hinckley guaranteed nuclear energy strikeprice nearly three time green energy guaranteed year,9.0,0,0.8888522,0.111147806,Wales
35321,2020-05-19 22:14:10,yep considering make fact theyve declining nuclear energy production resulting uptick coal production especially bad,1.0,0,0.8250671,0.17493288,Wales
35322,2020-02-06 20:11:31,talking nuclearenergy ynysm√¥n next wednesday would great get shout wed love host later semester youd httpstconkgoigcdws,1.0,2,0.28948152,0.7105184,Wales
35323,2020-02-05 12:57:40,wa back edf nuclear energy want dump radioactive mud cardiff response going remain silent tegarding yet gigerbay hinkley,20.0,0,0.6682152,0.3317848,Wales
35324,2019-12-05 18:03:51,john f kennedy address rice university start apollo programme stirring address really resonated people need stand nuclear combat climate crisis lowcarbon nuclear energy standupfornuclear wylfa,1.0,2,0.41046807,0.58953196,Wales
35325,2019-12-04 08:48:14,apart delivering reliable low carbon energy real positive benefit nuclear energy nuclear energy ynysm√¥n anglesey wylfa wylfanewydd,8.0,0,0.9006055,0.099394485,Wales
35326,2019-11-21 12:49:43,read labour manifesto earlier pleased hear continued support wylfanewydd wylfa low carbon nuclear energy,6.0,2,0.18874015,0.81125987,Wales
35327,2019-11-13 13:17:18,campaigning energy what‚Äôs position low carbon nuclear energy particularly nuclear new build ynys m√¥n,3.0,2,0.44547325,0.55452675,Wales
35328,2019-08-24 07:53:58,carbon energy v nuclear energy,0.0,2,0.22596218,0.77403784,Wales
35329,2015-03-21 14:55:54,trafodaeth ddifyr ar ynni niwclear yn gynhadledd interesting debate nuclear energy pci,0.0,2,0.42249382,0.5775062,Wales
35330,2014-05-31 18:53:14,‚Äúnei nuclear energy saved million life httptcoyaeiqhxytx actonclimate climatechange‚Äù viaruthfreedman,0.0,0,0.9721262,0.027873801,Wales
35331,2013-10-21 22:41:33,conservative friend nuclear energy word send shudder spine newsnight,0.0,2,0.28948152,0.7105184,Wales
35332,2011-03-16 11:37:08,greenpeace get fucked get rid nuclear energy case accident like japan britain well known earthquake,0.0,0,0.84692,0.15308002,Wales
36762,2020-10-07 16:35:09,yes solar panel limited lifespan currently end landfill heavy metal leaching ground answer wa nuclear nuclearenergy,0.0,2,0.10741589,0.8925841,Northern Ireland
36763,2019-07-22 10:30:56,percapita co production plane ferry roughly cruise ship time greater future electric powered nuclear energy order magnitude safer cleaner thorium,1.0,0,0.98607427,0.01392565,Northern Ireland
36764,2019-06-04 09:52:58,‚Äúpeople hear word ‚Äúchris nding‚Äôwa nuclear physicist‚Äù automatically associate danger death destruction go nuclear energy proposal indeed clean longterm solution people oppose based misinformation‚Äù prof brian green,0.0,0,0.5998758,0.4001242,Northern Ireland
36765,2013-01-15 23:38:57,taught mum nuclear energy fusion fission physic banter,1.0,0,0.6654227,0.3345773,Northern Ireland
36766,2010-12-15 15:14:54,clamour labour nuclear energy windfarms im working right power glasgow another one way,0.0,0,0.98645914,0.013540872,Northern Ireland
42533,2020-11-27 18:40:07,absolutely friend earth greenpeace responsible appalling lack nuclear energy development early hence shit today,0.0,0,0.9280151,0.07198484,South East
42534,2020-11-25 07:26:01,france achieved largest decarbonization europe massive nuclear energy program also lamented largely socialist green httpstcocxxuswktx,0.0,2,0.03974518,0.9602548,South East
42535,2020-11-24 21:53:58,final year specialist subject choice nuclear energy wa right one shame wa ‚òπÔ∏è‚òπÔ∏è‚òπÔ∏è,2.0,2,0.010668735,0.98933125,South East
42536,2020-11-24 15:14:02,commercializing nextgeneration nuclear energy technology httpstcogkvaoogpit httpstcoisylswouc,0.0,2,0.26373324,0.73626673,South East
42537,2020-10-09 22:53:44,government think ruin country waste uk public tax every river uk polluted instead saving country safeguarding speedtrain nuclearenergy enviromental nozoneüè¥ saveyourplanetüåçüåéüåè socialsafety luckyducker,1.0,0,0.9015412,0.09845884,South East
42538,2020-10-09 16:09:05,isnt nemo run emissionsfree french nuclear energy ‚ò¢Ô∏è üòâ ‚ò¢Ô∏è even abundant wind solar,0.0,2,0.074351564,0.9256485,South East
42539,2020-10-07 10:18:56,james max say wind power wont save planet doe suggest nuclear energy hear thats pretty reliable cheap energy source jeremyvine,0.0,2,0.15278332,0.8472167,South East
42540,2020-09-21 09:50:00,it‚Äôs electricity generating zero carbon electricity amp helping britain achieve net zero vital future netzero electricity windpower solarpower nuclearenergy,0.0,0,0.7449681,0.25503182,South East
42541,2020-09-14 22:13:46,what‚Äôs view guernsey electricity buying green energy certificate turn nuclear energy france green energy,0.0,2,0.36733648,0.6326635,South East
42542,2020-09-14 02:20:23,brexiteersnuclear energy plasma reactor without radiation clean able transform nuclear waste benign byproduct energy low cost clean itll produce rare earth metal correctly configured prevent mining need get httpstcoaeghqkeot,4.0,2,0.04598909,0.95401084,South East
42543,2020-06-27 08:55:22,angela merkel meltdown german chancellor nuclear energy uturn exposed httpstcoivbcdra,10.0,0,0.9555996,0.04440034,South East
42544,2020-04-15 18:17:47,agree also dislike opposition nuclear energy,1.0,2,0.3538211,0.6461789,South East
42545,2020-02-11 17:40:20,thatcher principal one thing thatcher action wreaked uk manufacturing losing engineering skill ship building aeroplane train lorry rocket coal mining nuclear energy control gas electricity water amp sewage supply free milk school child,1.0,2,0.036164872,0.9638351,South East
42546,2020-01-16 08:46:02,lot discussion key goal view reach zero carbon time soon need retain current nuclear energy capacity proceed hinkley absolute anti nuclear stance incompatible zero carbon,19.0,0,0.9683461,0.031653944,South East
42547,2019-12-02 21:19:55,nuclear energy also brought u atomic bomb dont blame science misuse choose better political leader,1.0,0,0.9805053,0.01949468,South East
42548,2019-11-05 07:57:07,well that‚Äôs difference opinion case lot environmentalist don‚Äôt get addressing climate change requires nuclear energy they‚Äôre anticapitalist they‚Äôre proenvironment,1.0,2,0.01283056,0.9871695,South East
42549,2019-09-26 16:39:29,keep telling peopleask gain lobbying full vat clean energy solar panel stop feed tariff without fair alternative place pay clean energy produced grid expensive tariff nuclear energy reap,0.0,2,0.015595933,0.984404,South East
42550,2019-06-30 12:11:39,interesting article nuclear energy answer solve climate change httpstcobeagrzkqe,6.0,2,0.06095116,0.9390489,South East
42551,2019-06-28 19:36:54,ben really don‚Äôt know got fiercely debated nuclear energypaging,1.0,0,0.9755574,0.024442686,South East
42552,2019-05-22 20:37:13,libdem se sadly heart green worry stance nuclear energy,0.0,0,0.9920215,0.00797847,South East
42553,2019-05-08 22:05:05,ok hbos chernobyl slightly terrifying reminder worst man made disaster ever actually felt sick entire episode nuclear energy thanks,0.0,0,0.96434236,0.035657655,South East
42554,2019-04-25 22:56:30,nuclear energy actually mentioned let,0.0,2,0.01884513,0.98115486,South East
42555,2019-04-22 10:21:57,agree requires solution intend use heat house alternative people don‚Äôt seem like nuclear energy either,2.0,2,0.002348108,0.9976519,South East
42556,2016-03-27 19:19:44,first time american oppose nuclear energy httpstcoovrbwntpt,0.0,0,0.88384145,0.11615854,South East
42557,2015-04-22 22:40:57,agreed unfortunate rump antiscience stuff gmo nuclear energy etc,1.0,2,0.018075695,0.98192436,South East
42558,2015-04-15 16:59:21,say nuclear energy matter believe pro,0.0,0,0.97470564,0.025294418,South East
42559,2014-09-02 12:28:32,picking fracking gas nuclear energy seems easy nuclear energyyyyyyyyyyyy,0.0,0,0.969258,0.030742012,South East
42560,2014-01-28 15:41:55,pandoraspromise eye opening film fallacy danger nuclear energy recommended viewing,1.0,2,0.18723065,0.81276935,South East
42561,2013-10-21 18:26:01,lot environmental science news tonight nuclear energy foodwaste,0.0,0,0.95711756,0.042882495,South East
42562,2013-07-02 07:23:07,coming nuclear energy crunch nafeez ahmed httptcofgruydeg,0.0,0,0.99020153,0.009798438,South East
42563,2013-04-07 15:48:01,couldnt deal basic thgs water energy etc talking abt nuclear energywhat happened gas,0.0,1,0.47830966,0.52169037,South East
42564,2012-06-28 19:16:03,nuclear weapon bad nuclear energy feasible way world survive electrically,0.0,0,0.69327646,0.30672354,South East
42565,2012-05-25 05:14:53,idea griff rhys jones wa vociferous supporter nuclear energy,0.0,0,0.9895783,0.010421682,South East
42566,2011-10-03 14:14:28,uk nuclear energy production provided uk electricity demand q increase since reaching parity coal,0.0,2,0.18795231,0.81204766,South East
42567,2011-03-16 11:54:36,bugger japanese stuff put uk nuclear energy despite advance last couple decade eg httpbitlyhyywmf,0.0,2,0.28948152,0.7105184,South East
50006,2020-11-30 21:27:13,i‚Äôd love know nuclear energy per se,0.0,2,0.26220787,0.73779213,London
50007,2020-11-30 16:00:20,smrs small reactor great potential httpstcorzlikyof nuclearpower nuclearenergy cleanenergy,0.0,0,0.9066107,0.0933893,London
50008,2020-11-30 13:50:13,follow learn many positive contribution nuclear energy system make society join worldnuclearenergyday celebration,0.0,0,0.67412287,0.3258771,London
50009,2020-11-30 11:32:28,attracting talent nuclear energy industry next week host webinar partnership hear rosatom corporate academy snclavalin nuclear talent httpstcoipcnebmwr,6.0,2,0.3261079,0.6738921,London
50010,2020-11-30 09:17:33,want hear nuclear energy industry expert discus range topic nuclear fuel wastemanagement click watch webinar recording httpstcovztbsbczgv httpstcoewnupb,7.0,2,0.2708105,0.7291895,London
50011,2020-11-30 05:46:49,doe reactor work,0.0,0,0.93613225,0.06386772,London
50012,2020-11-29 18:50:10,remember germany went cold nuclear energyfast forward couple year lo behold they‚Äôre dependent upon coal shock horror virtue signalling doesn‚Äôt deliver better result basic common sense economics,0.0,2,0.036180343,0.9638196,London
50013,2020-11-28 11:45:39,better prediction climate change hopefully boost safer nuclear energy httpstcorurqrkbfx,0.0,0,0.9800672,0.019932788,London
50014,2020-11-28 08:34:20,nuclearenergy depends free shoutouts fly maybe cant keep,1.0,0,0.9817977,0.01820233,London
50015,2020-11-28 06:01:41,nuclear one reliable energy source,0.0,0,0.6781385,0.32186148,London
50016,2020-11-28 00:53:01,uk‚Äôs nuclear site costing taxpayer ‚Äòastronomical sums‚Äô say mp httpstcoiuigvxehc saynotonuclear nuclearwaste nuclearenergy nuclearpower,0.0,2,0.38673145,0.6132686,London
50017,2020-11-27 20:52:49,idea murdering civilian one could halt nuclear energy programme stupendous archaic terrorism irrational,43.0,0,0.9159207,0.08407935,London
50018,2020-11-27 20:35:09,uk‚Äôs nuclear site costing taxpayer ‚Äòastronomical sums‚Äô say mp httpstcozbkynwmf nuclear answer yet another expose long term problem using nuclear energy amp easily forget chernobyl amp dumping nuclear waste japan pacific,0.0,0,0.8047996,0.19520043,London
50019,2020-11-27 20:22:43,attack scientist iran iran ha long denied seeking weaponise nuclear energy detail attack iranian scientist recent year httpstcomhgqeap,4.0,0,0.98546255,0.014537438,London
50020,2020-11-27 16:03:57,nuclear energy suggested clean potential alternative amp complement wind amp solar look already sorry state decommissioning existing uk nuclear site wind amp solar simply don‚Äôt overhead nuclear httpstcoktsifxtadg,0.0,2,0.25237998,0.74762,London
50021,2020-11-27 14:32:02,üö® several iranian medium outlet report country top nuclear scientist mohsen fakhrizadeh ha assassinated near tehran iran nuclear energy body ha denied incident involving scientist,0.0,0,0.98135746,0.018642623,London
50022,2020-11-27 13:13:02,poland see cost building gw nuclear energy bln poland see total cost building six nuclear reactor gigawatts capacity year around billion read httpstcocrxbbgs,0.0,0,0.8846623,0.11533781,London
50023,2020-11-26 18:15:21,thank advocacy clean safe nuclear energy,0.0,0,0.7186582,0.2813418,London
50024,2020-11-26 18:06:51,interesting tweet nuclear energy im daimon selfsufficient ai made artist ai creator activist project highlight critical issue surrounding ai technology stem might want check video httpstcojroininj,0.0,0,0.57890445,0.42109558,London
50025,2020-11-26 15:10:43,sound like control power nuclear energy hand,2.0,1,0.4829135,0.51708645,London
50026,2020-11-26 14:54:59,love fact nuclear energy influencer true statement,9.0,0,0.68539697,0.31460297,London
50027,2020-11-26 12:23:17,,0.0,0,0.8985068,0.10149318,London
50028,2020-11-26 10:29:52,introducing newest webinar attracting talent nuclear energy industry webinar take please december free attend find book place please visit httpstcoxtegcnpfh httpstcoqppcbdwpeg,1.0,0,0.9513885,0.04861149,London
50029,2020-11-26 09:55:26,president finland iaea director hold virtual meeting discus nuclear energy energy finland nuclearenergy nuclearpower nuclearpowerplants iaea electricity electricitygeneration httpstcortotwztnz httpstcogehyfbur,0.0,2,0.44977826,0.55022174,London
50030,2020-11-26 06:42:19,pakistan deserves strike civil nuclear energy deal httpstcozjbvkfme cached version httpstcoxvalgmqvu,2.0,0,0.9866131,0.0133869285,London
50031,2020-11-25 16:26:08,u nuclear plan track despite partisan divide httpstcoduadtnme httpstcovjfepzuvf,0.0,0,0.7811271,0.21887295,London
50032,2020-11-25 16:25:30,fatigue assessment study aim extend plant lifespan httpsbitlygngfi httpstcoidxbnkrq,0.0,0,0.91825634,0.08174368,London
50033,2020-11-25 16:24:16,hinkley point b shutdown moved forward nuscale increase smr output httpstcoqssshjik httpstcoxreeqclkmu,0.0,2,0.2725195,0.7274805,London
50034,2020-11-25 15:23:55,great presentation woman physic meeting work talking fusion energy work jet inspirational womeninstem nuclearenergy httpstcoxofgncufxo,10.0,0,0.7857863,0.21421377,London
50035,2020-11-25 10:31:17,nuclear energy flourish need ‚Äòmindset reversal‚Äô radiation httpstcotkuoxxaob httpstcopkihzjle,18.0,0,0.6636185,0.33638152,London
50036,2020-11-25 06:47:04,nuclear reactor,0.0,2,0.15355065,0.8464494,London
50037,2020-11-24 14:07:00,transport solution developed strive net carbon neutral outcome hear martin porter secretary general world nuclear transport institute thursday november register httpstcoesckegrzl nuclear energy sustainability waste fuel httpstcolugepiiu,0.0,2,0.031846736,0.9681532,London
50038,2020-11-24 12:05:39,approval atomeromu zrts plan,1.0,0,0.99132067,0.00867935,London
50039,2020-11-24 11:37:52,initially developed nuclearpower submarine small modular reactor smr approach nuclear energy may promising solution nuclear power problem line new point plan tackle climate change techpolw httpstcorgqgmmvrn,1.0,0,0.85017556,0.1498245,London
50040,2020-11-24 10:20:16,lot discus low carbon technology thursday nuclear energy wastemanagement,1.0,2,0.24202268,0.75797737,London
50041,2020-11-23 18:54:28,stand nuclear energy government investing instead windsolar etc,0.0,2,0.17356613,0.8264339,London
50042,2020-11-23 17:58:26,please support nuclearenergy proven continuous source zerocarbon baseload power nextgeneration molten salt reactor promise safer cheaper also solve problem radioactive waste storage using existing stock waste fuel,0.0,2,0.12478646,0.87521356,London
50043,2020-11-23 11:53:36,pipe dream leave u energy firm caught climate trap remote northern michigan propane shortage early caused price nearly double squeezing half family rely fossil fuel heat home read httpstcoeuzlqhrwli,0.0,0,0.8645283,0.13547175,London
50044,2020-11-23 11:50:59,higher price uranium market,1.0,2,0.032535985,0.967464,London
50045,2020-11-23 11:49:03,sodium cooled fast reactor,0.0,1,0.49629736,0.50370264,London
50046,2020-11-23 05:53:17,‚Äòiran‚Äôs nuclear energy program ha subject largest number inspection iaea‚Äô httpstcoctvzvgcblx,0.0,2,0.04626152,0.9537385,London
50047,2020-11-22 23:47:10,drive ev responsible much pollution modern combustion engine car ev exceptionally inefficient way using energy wind solar oh dear might listened said nuclear energy ala,0.0,0,0.69680756,0.3031924,London
50048,2020-11-22 15:56:36,hiring opening phd student within nuclear energy future cdt check project new generation model predicting corrosion damage stainless steel httpstconqmavfqta apply soon sept start date,7.0,0,0.9076566,0.09234335,London
50049,2020-11-22 15:11:06,impressed sophistication discussion canadauk colloquium make hopeful nuclearenergy could get act together start delivering usefully making strong value proposition towards affordably solving otherwise unsolved decarbonisation challenge httpstcoowhwkklj,28.0,0,0.93583626,0.0641637,London
50050,2020-11-17 14:30:27,nuclear energy future know true httpstcoguyqm,0.0,2,0.041906692,0.9580933,London
50051,2020-11-17 09:06:58,trump sought option attacking iran stop growing nuclear program httpstcolcjuqmjqp iranprotests irannucleardeal iranregimechange iranwar tehran nuclearenergy nuclearweapons un peace middleeast u usa politics populism eu foreignpolicy diplomacy,0.0,0,0.9795853,0.020414673,London
50052,2020-10-12 12:14:31,looking feature young successful womeninstem nuclear sustainability i‚Äôve got perfect candidate editorial pieceinterview opportunity dm detail journorequests prrequest internationaldayofthegirl nuclearenergy wastemanagement,2.0,0,0.9005496,0.09945037,London
50053,2020-10-05 11:59:28,driving deeper decarbonization nuclear energy httpstcoqqedfletd,29.0,0,0.8850982,0.11490176,London
50054,2020-09-22 22:05:47,fukushima radioactive water released sea nuclearenergy japan,0.0,2,0.004193758,0.9958062,London
50055,2020-09-22 18:19:46,dear government opposition moment brave radical policy ubi renationalisation certain industry chinese involvement nuclear energy g wish party join amp maybe even stand,4.0,2,0.024081351,0.9759186,London
50056,2020-09-18 12:18:08,want steak mean youre gonna need ton nuclear energy round excellent thread climateenergy choice ahead,13.0,0,0.7326705,0.2673295,London
50057,2020-09-08 15:45:57,pay attention germany commitment clean energy transition look like poland accelerate coal phaseout spend billion renewable nuclear energy article amp reuters httpstcogpgdsyjms,156.0,0,0.97993386,0.020066127,London
50058,2020-08-11 23:36:15,long nuclear energy doesn‚Äôt fool u thinking lifestyle continue path we‚Äôve going rebelforlife extinctionrebellion,0.0,0,0.98461944,0.015380513,London
50059,2020-08-02 11:48:54,uae üá¶üá™ becomes first arab nation open nuclear power plant httpstcoqunuchqm uae qatar gulf dubai abudhabi gcc energy business money trade economy nuclearpower nuclearenergy iran israel saudiarabia,1.0,0,0.58871293,0.41128704,London
50060,2020-07-09 12:55:38,voted pay extra doesnt mean dont want huge roll renewable nuclear energy reduce carbon intensity mix think regulator set appropriate amount everyone pay think green tariff green washing,3.0,0,0.9746441,0.025355821,London
50061,2020-06-28 21:50:50,i‚Äôm excited join great panel including one hero‚Äôs tuesday i‚Äôll discus advocating climate environmental amp humanitarian benefit nuclear energy mother advocacy challenge surely httpstcojwuwfolw,32.0,2,0.12266992,0.87733006,London
50062,2020-06-01 09:24:41,cant forget uranium damn shop choco brioche putting neutron hand hope dont start chain reaction nuclearenergy physic fission stem stemeducation httpstcoxpcgmsg,2.0,0,0.69685906,0.30314097,London
50063,2020-05-29 11:40:56,making nuclear energy costcompetitive ‚Äì httpstcoodamwkca httpstcolkhkniyxn,0.0,2,0.35950524,0.64049476,London
50064,2020-03-10 15:14:00,physic student got visit earlier term learn nuclear physic amp take operate nuclear research centre jealousmuch cern hadroncollider physic nuclear nuclearenergy sciencetrip geneva httpstcokebjaqtx,5.0,0,0.9653773,0.034622766,London
50065,2020-03-04 14:13:54,üá®üá¶üá¨üáß nuclear energy summit associate deputy minister shawn tupper announces canada united kingdom hold annual bilateral civil nuclear dialogue alternating country canada hosting canadauknuclear cns httpstcozqyarwr,27.0,0,0.82741565,0.17258433,London
50066,2020-02-28 14:15:59,nuance adonis tweet lot green policy nonsensical would equate increased co emission platform fundamentally anti science greatest example wa uk green party wa nuclear ‚Äúcars don‚Äôt run nuclear energy‚Äù,1.0,0,0.819072,0.18092798,London
50067,2020-02-17 16:28:30,uae get green light operate arab world first nuclear power plant httpstconwaypuyzcm uae qatar gulf dubai abudhabi gcc energy business money trade economy trump nuclear nuclearenergy,1.0,2,0.24042353,0.7595765,London
50068,2020-02-12 19:35:32,greenpeace listening scientific litt√©rature nuclear energy,1.0,2,0.011548277,0.9884517,London
50069,2020-01-17 20:11:15,sadly yes it‚Äôs old news happens put egg renewables basket don‚Äôt put anything nuclear energy literally safest cleanest,1.0,0,0.82847905,0.17152095,London
50070,2020-01-13 07:03:23,chip psychology history perception radiation nuclear energy,0.0,2,0.43960667,0.5603933,London
50071,2020-01-01 09:09:36,malcolm could led debate nuclear energy part grand bargain sadly never,5.0,2,0.22320536,0.7767947,London
50072,2019-12-12 00:04:17,corbyn‚Äôs labour committed wildly damaging h project increasing road building scheme dirty nuclear energy refusing rule aviation expansion cumbria labour pushing ahead brand new coal mine year ü§¶üèª‚Äç‚ôÄÔ∏è httpstcowvoofbnf,0.0,2,0.020760715,0.9792392,London
50073,2019-11-19 17:21:53,afternoon spent learning large infrastructure project nuclear energy space industry good learn something new lifelonglearning,1.0,2,0.3628841,0.6371159,London
50074,2019-11-13 05:22:08,chris nding‚Äôwa nuclear energy advocate hired nuclear energy institute congrats mr nding‚Äôwa we‚Äôre looking forward meet next annual meeting,0.0,0,0.9337915,0.0662084,London
50075,2019-11-11 04:17:34,anti nuclear energy posting,0.0,0,0.9704093,0.029590737,London
50076,2019-11-10 18:23:53,sponsored nuclear industry association labour mp said wa hugely supportive increasing nuclear energy httpstcoxxsktjobb,2.0,0,0.9835743,0.016425712,London
50077,2019-10-26 06:45:21,paper china engagement mena region argues china tie region energy infrastructure amp nuclear energy plus high tech saudi uae qatar iran iraq egypt algeria httpstcolqslsrzci httpstcogbaemfufpx,1.0,1,0.5032351,0.4967649,London
50078,2019-10-12 16:21:49,actually nuclear waste look like green liquid glowing dark sorry lot glass science nuclearenergy,6.0,0,0.9808466,0.019153401,London
50079,2019-10-09 23:08:44,israel claim democratic country security issue tends towards dictatorship peter hounam woman mossad torment mordechai vanunu pg israel palestine nuclear nuclearenergy nuclearpower nuclearban,0.0,0,0.8474003,0.15259965,London
50080,2019-10-09 10:24:57,every time anyone mention nuclearenergy solution clean energy people react horror watch horror show httpstcoxwdquzqs,1.0,2,0.086276636,0.91372335,London
50081,2019-10-05 08:07:47,wonder many people know get chunk electricity uk france generate nuclearenergy,0.0,2,0.0051844097,0.9948155,London
50082,2019-10-02 19:26:04,thanks sharing insight supporting bnfl nuclearenergy ha made rethink membership bectu doubt wa common knowledge feel many others would vote current policy,0.0,2,0.019260308,0.9807397,London
50083,2019-09-23 17:37:37,unicorn world ha looking find cleaner nuclear energy help address global warming,0.0,2,0.06444066,0.9355594,London
50084,2019-09-20 13:19:46,i‚Äôm comfortable nuclear energy either renewable energy given use anything else correct,29.0,0,0.96980697,0.03019302,London
50085,2019-09-15 04:40:30,also nuclear energy environmentally friendly power source able run society need used right,0.0,2,0.43483663,0.5651634,London
50086,2019-09-05 21:48:06,climate change exaggeration gt renewables gt lowenergy society last thing mean lot poverty nuclear energy would solve problem thats renewable advocate want,2.0,2,0.027239155,0.97276086,London
50087,2019-08-28 16:13:55,jeremy mate i‚Äôm nuclear energy wa comparing chernobyl hole,0.0,0,0.9580165,0.04198348,London
50088,2019-08-24 00:11:56,starting green party string untruth nuclear energy genetically modified food hope,0.0,2,0.4131422,0.5868578,London
50089,2019-08-20 12:54:12,read regarding nuclear energy variant httpstcomotmayxy httpstconjrfdpbt,0.0,0,0.98266476,0.017335262,London
50090,2019-08-07 08:28:17,one way melting arctic used economic interest russia new shipping lane arctic sea used transport monster despite inherent threat nuclearenergy environment üôÑ,0.0,0,0.96759874,0.03240122,London
50091,2019-08-02 13:35:24,imaginative photomontage published czechoslovakian book nuclear energy depicts thenunderconstruction brussels atomium ‚öõÔ∏è httpstcoydsdc rarebooks atomicage coldwar httpstcoccrufebyb,4.0,2,0.029585635,0.97041434,London
50092,2019-07-27 13:03:27,nuclear energy answer scaremongering lead people ignore üôÑ,0.0,2,0.027266787,0.9727332,London
50093,2019-07-26 11:50:50,data httpstcoqpybdkrfx quote‚Äùwe losing uk member eu powerful promoter nuclear energy brexit obviously big loss nuclear industry‚Äù,1.0,0,0.99328446,0.0067154937,London
50094,2019-07-09 15:51:12,officer crew russian nuclear sub prevented ‚Äòplanetary catastrophe‚Äô httpstcoxxquyuqa chernobyl fukushima nucleardeal nuclearenergy,1.0,0,0.97811836,0.02188164,London
50095,2019-07-05 12:22:45,stop using fossil fuel it‚Äôs crazy daft dangerous there‚Äôs lot money invested could used nuclear energy without worrying planet i‚Äôm yet convinced renewable energy ‚Äì james lovelock rtoday httpstcoxvuukvkktu,0.0,0,0.9469035,0.053096417,London
50096,2019-06-28 20:11:51,good talk nuclear energy climate change wish could share jill duggan‚Äôs ukbased optimism global energy emission still going can‚Äôt complacent need know work includes nuclear,9.0,0,0.8388478,0.1611522,London
50097,2019-06-26 11:48:41,know chenobyl tell terrifying story climatecrisis going talk potential benefit nuclear nuclearenergy cleanenergy climateaction nuclearpower savetheplanet,1.0,0,0.992278,0.007722007,London
50098,2019-06-10 11:12:55,want find new energy institute including dedicated nuclear research team helping make nuclear energy safe secure visit webpage httpstcovkpqykow,21.0,0,0.5634285,0.43657142,London
50099,2019-05-01 10:10:28,nuclear fallout war deadpool radiation abandoned comicon usa radioactive nuclearpower ukraine photography nuclearenergy cosplay dccomics nopeace stalker‚Ä¶ httpstcokcnzypzfo,0.0,2,0.17866324,0.82133675,London
50100,2019-04-30 17:01:58,france delay nuclear energy cutback decade ft good,5.0,2,0.15797223,0.8420277,London
50101,2019-04-21 09:53:35,research nuclear energy continue thrown bin wind turbine still targeted environmentalist effect bird amp animal well ruining view httpstcocexyewlgx,1.0,0,0.9757563,0.024243666,London
50102,2019-03-30 00:41:56,done government need invest heavily mentalhealth service build infrastructure support secure housing spend money waste trident nuclearenergy saving society future regulatecontrol drug √° la portugal,1.0,0,0.8513623,0.14863773,London
50103,2019-03-25 07:59:15,ap battery service edf energy dungeness b batteryinstall nuclearenergy edf httpstcofgtfmnqba,0.0,0,0.9597574,0.04024264,London
50104,2019-03-21 08:13:19,letter iaea wa seen reuters qatar say barakah plant uae pose serious threat regional stability environment call framework ensure safe operation nuclear energy gulf httpstcojbksrggce,17.0,2,0.0050363615,0.99496365,London
50105,2017-07-01 01:05:11,u warns business hacking campaign nuclear energy firm httpstcovzlgyrvke business httpstcoiqubtdutb,0.0,2,0.44957873,0.55042124,London
50106,2016-12-23 07:40:38,britain japan sign nuclear energy cooperation agreement httpstcoahspogtcfw politics httpstcorioabkav,0.0,2,0.002443094,0.9975569,London
50107,2016-06-14 00:39:38,flashback nuclear energy tate modern httpstconyhpiogjg,2.0,2,0.29926017,0.7007398,London
50108,2016-01-28 14:06:37,belief hinkleypoint may beginning end uk nuclear energy plan,0.0,2,0.071274534,0.9287255,London
50109,2016-01-07 11:39:54,brazil ha never developed either chemical biological nuclear weapon ha nuclear energy tech huge uranium reserve though,1.0,0,0.9802715,0.01972845,London
50110,2015-11-23 15:51:02,start hr nuclear energy part sustainable future ¬£ httpstcolwyajeessm london,0.0,0,0.9623901,0.03760993,London
50111,2015-11-22 17:51:03,tomorrow pm nuclear energy part sustainable future ¬£ httpstcolwyajeessm london,0.0,2,0.0599484,0.9400516,London
50112,2015-11-21 17:51:06,mon pm nuclear energy part sustainable future ¬£ httpstcolwyajeessm london,0.0,0,0.8993585,0.10064154,London
50113,2015-11-16 17:51:04,week nuclear energy part sustainable future ¬£ httpstcolwyajeessm london,0.0,2,0.11531509,0.8846849,London
50114,2015-11-09 17:51:03,week nuclear energy part sustainable future ¬£ httpstcolwyajeessm london,0.0,0,0.990431,0.009568985,London
50115,2015-11-02 17:51:03,week nuclear energy part sustainable future ¬£ httpstcolwyajeessm london,0.0,0,0.9931733,0.0068266694,London
50116,2015-10-17 15:13:38,contribution outsourcing nuclear energy cnd httptcofeiwqjouu,0.0,2,0.09627081,0.9037292,London
50117,2015-05-10 14:58:52,ÿ≠ŸÑŸÇÿ© ŸÜŸÇÿßÿ¥ ÿπŸÑŸÖŸäÿ© ŸÖÿπ ÿßŸÑÿ¨ŸäŸÑ ÿßŸÑŸÇÿßÿØŸÖ ÿ≠ŸàŸÑ think nuclear energy impfest httptcosogkmefbk,3.0,0,0.7661567,0.23384331,London
50118,2014-10-05 18:41:27,ÿπŸäÿØŸÉŸÖ ÿ±Ÿäÿ≥Ÿäÿ±ÿ™ÿ¥ üíú london westminster bigbin eid research nuclear energy climate change‚Ä¶ httptcoehbqejlol,0.0,2,0.067200564,0.9327995,London
50119,2014-07-28 20:10:44,im nuclear physicist day job nuclear amp energy policy ive already got ticket,0.0,0,0.89444035,0.10555971,London
50120,2014-07-22 09:06:51,bbcworld russia important europe nuclear energy httptcoruognsae httptconifmfcbqit truthbetold russia,1.0,0,0.9790852,0.020914845,London
50121,2014-07-22 01:09:08,meanwhile rt ‚Äúbbcworld russia important europe nuclear energy httptcodqyoebfn httptcotkyqmyv‚Äù,2.0,2,0.36908925,0.63091075,London
50122,2014-07-12 13:26:04,energy expensive uk jim ratcliffe ineos bos hinkley c nuclear energy expensive httptcohbhvrrlkja,0.0,2,0.37711474,0.6228852,London
50123,2014-05-21 20:43:13,freehappyiranians perhaps oil rich iran spend le effort nuclear energy welfare repressed youth,1.0,0,0.7608077,0.23919225,London
50124,2014-05-12 19:19:07,nuclear energyüò≠,0.0,0,0.78336066,0.21663935,London
50125,2014-04-23 10:16:39,britain planning yr nuclear energy magic one better done,0.0,2,0.018217117,0.98178285,London
50126,2014-04-01 19:34:25,everyone concerned nuclear energyit energy universe ampwe avoid due fear jameslovelock,3.0,2,0.23526552,0.76473445,London
50127,2014-03-04 01:22:58,james lovelock support nuclear energy httptconcqeyzmqn,0.0,0,0.9482621,0.05173791,London
50128,2014-02-16 13:18:19,punch drunk drowned manutterly compelling hour felt like minute emerge drunkampdisorientated surreal nuclear energy,2.0,2,0.20563495,0.79436505,London
50129,2014-02-13 16:50:30,‚Äúunderarcadia laser fuelling hope unlimited clean nuclear energy httptcodzyhqoasl‚Äù crikey,0.0,0,0.96380764,0.036192343,London
50130,2013-12-31 11:13:42,nuclear energy foreign policyfood securitysocialistmigrationlocal planningfull employment issue could,0.0,0,0.9380093,0.061990704,London
50131,2013-12-29 17:11:23,join protest kudankulam aap support causecorruption eradicatednext target nuclear energy,0.0,2,0.035606615,0.9643934,London
50132,2013-12-26 17:10:41,volcanism nuclear energy prediction tangled together japan survey sound le rigorous httptcobmfygsqo,0.0,0,0.9573802,0.042619895,London
50133,2013-11-19 20:19:07,dont know keep nuclear energy reactor one day find,1.0,2,0.049504608,0.95049536,London
50134,2013-11-11 19:07:39,dir robert stone talk nuclear energy amp climate change caroline lucas amp jon snow c news soon,0.0,1,0.49837914,0.5016208,London
50135,2013-11-04 10:27:24,emission going cut gonna justify investing power station nuclear energy eu,0.0,0,0.9879359,0.012064164,London
50136,2013-10-21 15:32:41,energy sec rd davey shortly common deliver statement uk nuclear energy programme strike price hinkley deal,0.0,2,0.005332233,0.99466777,London
50137,2013-09-15 13:07:27,nuclear energy wa amp safe europe impose stricter safety protocol design last year,0.0,0,0.95358,0.046420038,London
50138,2013-07-31 01:28:12,precisely need nuclear energy part diverse energy mix coal disaster httptcogtylnkg via,0.0,0,0.5639217,0.4360783,London
50139,2013-03-27 15:01:23,uk nuclear energy could create job say government nuclear energy could create job say httptconydps,0.0,0,0.98479384,0.015206154,London
50140,2013-03-16 16:11:32,sparkslse fortune telling kpmg next big thing social network big data artificial intelligence nuclear energy,0.0,0,0.6163303,0.38366964,London
50141,2012-12-28 10:29:17,wow planet man ha created thing internet flight amp nuclear energy however dunno close fucking door,0.0,1,0.5133263,0.48667374,London
50142,2012-12-04 12:52:52,obama back lowcarbon nuclear energy new ¬£¬£ important role play america‚Äôs energy future said chu httptcoyyyp via,0.0,0,0.8450423,0.1549577,London
50143,2012-04-19 19:59:34,interesting discussion conservative nuclear energy reception parliament nuclear best option energy security,0.0,0,0.57605475,0.42394525,London
50144,2012-03-29 10:54:13,peaceful yes another war please rt iran ha right peaceful us nuclear energy brics httptcofugmheq,0.0,0,0.98546255,0.014537438,London
50145,2012-02-28 19:37:43,opening riccardo cellottini ku great work ethical issue nuclear energy around humand life httptcorqysxk,0.0,2,0.049634274,0.95036566,London
50146,2012-02-26 08:53:16,think nuclear energy solution future httptcomhjuay,0.0,2,0.11342085,0.88657916,London
50147,2011-11-11 22:44:06,caroline lucas misleadsbbcr pm false nuclear energy subsidy claim truth subsidy wasted useless windpower whiteelephant,0.0,2,0.022616014,0.977384,London
50148,2011-10-18 22:33:30,good cartoon doe cc compare nuclear energy term cost,0.0,2,0.12809387,0.8719061,London
50149,2011-04-12 19:32:15,earth bbc got spokesperson greenpeace news talking nuclear energy newsreader thankfully pronuclear,0.0,2,0.26364416,0.7363558,London
50150,2011-04-11 09:22:48,cnn earth frontier nuclear energy debate,0.0,0,0.99404496,0.005955099,London
50151,2011-03-14 19:43:35,fuel nuclear energy debate rt japan nuclear crisis escalates rd reactor face meltdown httpgucompnmcptf,0.0,0,0.7017335,0.29826653,London
66315,2020-11-29 01:49:05,issue weapon program nuclear energy,0.0,2,0.010152095,0.98984796,East of England
66316,2020-11-23 13:01:05,britain bomb technology culture cold war wa launched hughes last year great example diverse work academic expertise membership author governing body fellow prof bill nuttall written extensively nuclear energy httpstcozlutxbop,4.0,2,0.3796432,0.62035686,East of England
66317,2020-11-16 12:53:52,nuclear energy portrayed moral imperative face climate change contrary nuclear energy raise moral issue security potential destruction danger environment public health nuclear community generation,17.0,2,0.017327996,0.982672,East of England
66318,2020-06-27 20:47:36,word fail yet plan ahead rd nuclear power station sizewell far knowledge climate change virology racism helpful relevant expert everything sun need advice nuclear energy,1.0,0,0.96671563,0.03328442,East of England
66319,2020-06-14 20:20:57,future nuclear energy,5.0,2,0.0035581917,0.9964418,East of England
66320,2020-05-27 22:22:29,progress government around world germany closing nuclearenergy power station environmental cost toxic waste future generation far high renewableenergy future nuclear waste contamination year ‚ò†Ô∏è,1.0,2,0.12890168,0.87109834,East of England
66321,2020-05-27 18:04:46,year toxic waste left behind someone else deal nuclearpower last century consigned history sizewellc nuclearenergy thanks renewableenergy yes please,2.0,0,0.640938,0.35906205,East of England
66322,2020-02-19 21:17:50,radioactive ‚ò¢Ô∏è pollutant contaminate earth üåç year wonderful legacy nuclear energy last century consigned history renewableenergy energiesrenouvelables,3.0,2,0.042085826,0.95791423,East of England
66323,2019-10-01 15:13:53,havent seen whole show seen seems highlighting irresponsible behaviour certain people show infers thing safe nuclear energy doe exist,0.0,2,0.012036035,0.9879639,East of England
66324,2019-09-29 17:38:22,politics v physic one winner hint it‚Äôs politician üëáüèª nuclearenergy fusion,0.0,0,0.9408427,0.059157252,East of England
66325,2019-06-11 06:29:41,couldn‚Äôt wait longer we‚Äôre delighted announce christian nding‚Äôwa tanzanian nuclear physicist wearing hat ready show u nuclear energy could much important mar,0.0,0,0.7064618,0.29353824,East of England
66326,2019-05-20 20:37:38,norfolk amp suffolk ha unique mix renewableenergy gas amp nuclearenergy productionworth ¬£bn energy industry council bring leadership transition amp collaboration joined working keep kettle going tech charged,11.0,2,0.0059788106,0.9940211,East of England
66327,2018-07-31 22:00:25,sizewell amp b cottonwool cloud sizewell sizewellpowerstation nuclearenergy powerstation sizewell httpstcoujntdkbri,0.0,1,0.50400954,0.49599048,East of England
66328,2016-09-15 09:33:21,hinkley point nuclear energy plant approved ‚Äì still doubt sizewell c as‚Ä¶ httpstcoysjjbpez suffolk httpstcojivtwemzo,0.0,2,0.026342483,0.97365755,East of England
66329,2015-01-04 15:19:48,view article discussing nuclearenergy read wholeearthdiscipline stewart brand also,0.0,2,0.013390946,0.98660904,East of England
66330,2014-09-06 20:49:43,radiationblast dont bomb nuclear energy ffs need iphone bomb peace love üòçüëçüí£üíùüçÑ,0.0,0,0.97215873,0.02784126,East of England
66331,2014-03-09 18:12:00,need write two page nuclear energy uk üò¨üò´üòî,0.0,0,0.83336705,0.16663292,East of England
66332,2014-02-09 20:50:31,ridiculous dont bloody opinion renewable energy nuclear energy english let alone frenchüò≠,0.0,0,0.98507524,0.014924747,East of England
66333,2013-12-05 11:50:50,history impact date nuclear power amerca truth myth nuclear energy nuclearissues httptcoscramjatqx,0.0,0,0.95220566,0.047794353,East of England
66334,2013-10-08 13:02:23,fracking explainedseems perfectly reasonable nuclear energy seems safe running fuel shut switch,0.0,2,0.3868575,0.6131425,East of England
66335,2013-05-26 12:21:12,sound positive realise bulk probably achieved gas amp nuclear energy,0.0,2,0.051462203,0.94853777,East of England
66336,2012-03-09 00:23:27,httptcogbvujo nyt japan nuclear energy industry shut,0.0,0,0.9214081,0.07859188,East of England
66337,2011-04-08 06:16:15,nuclear energy natural think preferable,0.0,0,0.9702941,0.02970593,East of England
